{
    "metadata":{
        "materials":1,
        "vertices":24,
        "version":3,
        "normals":9,
        "uvs":0,
        "type":"Geometry",
        "generator":"io_three",
        "faces":12
    },
    "normals":[0,1,0,0,0,-1,0,-1,0,0,0,1,0,0,0.999969,0.999969,0,0,1,0,0,-0.999969,0,0,-1,0,0],
    "uvs":[],
    "materials":[{
        "visible":true,
        "DbgIndex":0,
        "colorSpecular":[0.696,0.696,0.696],
        "mapLightRepeat":[1,1],
        "transparent":true,
        "DbgName":"Material #1847",
        "doubleSided":false,
        "wireframe":false,
        "mapLightWrap":["repeat","repeat"],
        "DbgColor":15658734,
        "specularCoef":164,
        "mapLight":"m1VRayTotalLightingMap.jpg",
        "blending":"NormalBlending",
        "colorDiffuse":[0.486768,0.798775,0.636479],
        "depthTest":true,
        "shading":"phong",
        "colorEmissive":[0,0,0],
        "mapLightAnisotropy":1,
        "opacity":0.4,
        "depthWrite":true
    }],
    "faces":[34,8,10,12,0,0,0,0,34,8,12,14,0,0,0,0,34,11,16,18,0,1,1,1,34,11,18,13,0,1,1,1,34,17,20,22,0,2,2,2,34,17,22,19,0,2,2,2,34,21,9,15,0,3,4,3,34,21,15,23,0,3,3,3,34,2,0,3,0,5,5,6,34,2,1,0,0,5,6,5,34,6,7,4,0,7,8,7,34,6,4,5,0,7,7,8],
    "vertices":[2027.26,2380,1109.36,2027.26,2380,-630.641,2027.27,1020,-630.641,2027.26,1020,1109.36,2022.26,2380,1109.36,2022.26,2380,-630.641,2022.27,1020,-630.641,2022.26,1020,1109.36,2027.26,2380,1109.36,2027.26,2380,1109.36,2027.26,2380,-630.641,2027.26,2380,-630.641,2022.26,2380,-630.641,2022.26,2380,-630.641,2022.26,2380,1109.36,2022.26,2380,1109.36,2027.27,1020,-630.641,2027.27,1020,-630.641,2022.27,1020,-630.641,2022.27,1020,-630.641,2027.26,1020,1109.36,2027.26,1020,1109.36,2022.26,1020,1109.36,2022.26,1020,1109.36]
}