{
    "metadata":{
        "materials":1,
        "vertices":24,
        "version":3,
        "normals":9,
        "uvs":2,
        "type":"Geometry",
        "generator":"io_three",
        "faces":32
    },
    "normals":[0,-1,0,0,1,0,0,0,0.999969,0,0,1,1,0,0,0,0,-0.999969,0,0,-1,-0.999969,0,0,-1,0,0],
    "uvs":[[1,0,1,1,0,1,0,0],[0.02192,0.396107,0.02192,0.02192,0.593911,0.02192,0.593911,0.396107,0.02192,0.435587,0.593911,0.435587,0.593911,0.809774,0.02192,0.809774,0.02192,0.849254,0.593911,0.849254,0.593911,0.851851,0.02192,0.851851,0.02192,0.933407,0.396107,0.933407,0.396107,0.936003,0.02192,0.936003,0.02192,0.891331,0.593911,0.891331,0.593911,0.893927,0.02192,0.893927,0.02192,0.975484,0.396107,0.975484,0.396107,0.97808,0.02192,0.97808]],
    "materials":[{
        "DbgName":"Mat3d66-514783-7-418",
        "colorSpecular":[0.5472,0.5472,0.5472],
        "mapDiffuseAnisotropy":1,
        "mapDiffuseWrap":["repeat","repeat"],
        "mapLightWrap":["repeat","repeat"],
        "wireframe":false,
        "mapLight":"m14VRayTotalLightingMap.jpg",
        "depthTest":true,
        "mapNormalRepeat":[1,1],
        "mapNormalWrap":["repeat","repeat"],
        "mapNormal":"3d66Model-514783-3-74.jpg",
        "DbgIndex":0,
        "mapDiffuseRepeat":[1,1],
        "opacity":1,
        "visible":true,
        "transparent":false,
        "mapLightRepeat":[1,1],
        "doubleSided":false,
        "colorEmissive":[0,0,0],
        "DbgColor":15658734,
        "specularCoef":164,
        "blending":"NormalBlending",
        "mapNormalAnisotropy":1,
        "colorDiffuse":[0.8,0.8,0.8],
        "shading":"phong",
        "mapNormalFactor":[0.042005,0.042005],
        "mapLightAnisotropy":1,
        "mapDiffuse":"3d66Model-514783-3-74.jpg",
        "depthWrite":true
    }],
    "faces":[42,8,10,12,0,0,1,2,0,1,2,0,0,0,42,12,14,8,0,2,3,0,2,3,0,0,0,0,42,16,18,20,0,3,0,1,4,5,6,1,1,1,42,20,22,16,0,1,2,3,6,7,4,1,1,1,42,9,15,19,0,3,0,1,8,9,10,2,3,3,42,19,17,9,0,1,2,3,10,11,8,3,3,2,42,1,13,21,0,3,0,1,12,13,14,4,4,4,42,21,5,1,0,1,2,3,14,15,12,4,4,4,42,3,11,23,0,3,0,1,16,17,18,5,6,5,42,23,7,3,0,1,2,3,18,19,16,5,6,5,42,2,0,4,0,3,0,1,20,21,22,7,8,7,42,4,6,2,0,1,2,3,22,23,20,7,8,7],
    "vertices":[-1206.12,0.000104904,1534.27,1428.63,0.000104904,1534.27,-1206.12,-4.57764e-05,-189.339,1428.63,-4.57764e-05,-189.339,-1206.12,11.958,1534.27,1428.63,11.958,1534.27,-1206.12,11.9578,-189.339,1428.63,11.9578,-189.339,-1206.12,0.000104904,1534.27,-1206.12,0.000104904,1534.27,-1206.12,-4.57764e-05,-189.339,-1206.12,-4.57764e-05,-189.339,1428.63,-4.57764e-05,-189.339,1428.63,-4.57764e-05,-189.339,1428.63,0.000104904,1534.27,1428.63,0.000104904,1534.27,-1206.12,11.958,1534.27,-1206.12,11.958,1534.27,1428.63,11.958,1534.27,1428.63,11.958,1534.27,1428.63,11.9578,-189.339,1428.63,11.9578,-189.339,-1206.12,11.9578,-189.339,-1206.12,11.9578,-189.339]
}