{
    "metadata":{
        "materials":1,
        "vertices":52,
        "version":3,
        "normals":7,
        "uvs":2,
        "type":"Geometry",
        "generator":"io_three",
        "faces":50
    },
    "normals":[0,0,1,-1,0,0,-0.999969,0,0,0.999969,0,0,1,0,0,0,0,-1,0,-1,0],
    "uvs":[[3.1625,2.25,-2.1625,2.25,-2.1625,-1.25,3.1625,-1.25,-0.599999,2.25,-1.675,2.25,-1.675,-1.25,-0.599999,-1.25,3.4625,2.25,3.1625,2.25,3.1625,-1.25,3.4625,-1.25,-2.1625,2.25,-2.4625,2.25,-2.4625,-1.25,-2.1625,-1.25,2.675,2.25,-0.412499,2.25,-0.412499,-1.25,2.675,-1.25,-2.1625,2.25,-2.4625,2.25,-2.4625,-1.25,-2.1625,-1.25,1.625,2.25,1.625,-1.25,-1.4875,2.25,-1.4875,-1.25,3.4625,2.25,3.4625,-1.25,-0.412499,2.25,-1.4875,1.375,-0.412499,1.375,3.4625,-1.4875,3.4625,-0.412499,3.1625,-0.412499,3.1625,-1.4875],[0.02192,0.880641,0.02192,0.38868,0.345275,0.38868,0.345275,0.880641,0.755441,0.557287,0.854757,0.557287,0.854757,0.880641,0.755441,0.880641,0.629152,0.0219201,0.656868,0.0219201,0.656868,0.345275,0.629152,0.345275,0.543561,0.0219201,0.571277,0.0219201,0.571277,0.345275,0.543561,0.345275,0.02192,0.02192,0.307165,0.02192,0.307165,0.345275,0.02192,0.345275,0.714742,0.0219201,0.742458,0.0219201,0.742458,0.345275,0.714742,0.345275,0.38868,0.02192,0.485687,0.02192,0.485687,0.345275,0.38868,0.345275,0.38868,0.880641,0.38868,0.38868,0.712035,0.38868,0.712035,0.880641,0.885923,0.02192,0.903246,0.02192,0.903246,0.345275,0.885923,0.345275,0.800333,0.0219201,0.828049,0.0219201,0.828049,0.345275,0.800333,0.345275,0.755441,0.499412,0.755441,0.400096,0.836279,0.400096,0.836279,0.499412,0.02192,0.950364,0.121236,0.950364,0.121236,0.97808,0.02192,0.97808]],
    "materials":[{
        "DbgName":"Mat3d66-514783-1-580",
        "colorSpecular":[0.624,0.624,0.624],
        "mapDiffuseAnisotropy":1,
        "mapDiffuseWrap":["repeat","repeat"],
        "mapLightWrap":["repeat","repeat"],
        "wireframe":false,
        "mapLight":"m3VRayTotalLightingMap.jpg",
        "depthTest":true,
        "mapNormalRepeat":[1,1],
        "mapNormalWrap":["repeat","repeat"],
        "mapNormal":"3d66Model-514783-1-74.jpg",
        "DbgIndex":0,
        "mapDiffuseRepeat":[1,1],
        "opacity":1,
        "visible":true,
        "transparent":false,
        "mapLightRepeat":[1,1],
        "doubleSided":false,
        "colorEmissive":[0,0,0],
        "DbgColor":15658734,
        "specularCoef":164,
        "blending":"NormalBlending",
        "mapNormalAnisotropy":1,
        "colorDiffuse":[0.8,0.8,0.8],
        "shading":"phong",
        "mapNormalFactor":[0.0700084,0.0700084],
        "mapLightAnisotropy":1,
        "mapDiffuse":"3d66Model-514783-1-74.jpg",
        "depthWrite":true
    }],
    "faces":[42,33,30,31,0,0,1,2,0,1,2,0,0,0,42,31,32,33,0,2,3,0,2,3,0,0,0,0,42,35,7,1,0,4,5,6,4,5,6,1,2,1,42,1,34,35,0,6,7,4,6,7,4,1,1,1,42,9,8,2,0,8,9,10,8,9,10,0,0,0,42,2,3,9,0,10,11,8,10,11,8,0,0,0,42,37,10,4,0,12,13,14,12,13,14,0,0,0,42,4,36,37,0,14,15,12,14,15,12,0,0,0,42,6,11,5,0,16,17,18,16,17,18,3,4,3,42,5,0,6,0,18,19,16,18,19,16,3,4,3,42,39,19,13,0,20,21,22,20,21,22,5,5,5,42,13,38,39,0,22,23,20,22,23,20,5,5,5,42,41,20,14,0,16,24,25,24,25,26,1,1,1,42,14,40,41,0,25,19,16,26,27,24,1,1,1,42,43,21,15,0,0,1,2,28,29,30,5,5,5,42,15,42,43,0,2,3,0,30,31,28,5,5,5,42,45,22,16,0,26,5,6,32,33,34,4,4,4,42,16,44,45,0,6,27,26,34,35,32,4,4,4,42,18,23,17,0,28,0,3,36,37,38,5,5,5,42,17,12,18,0,3,29,28,38,39,36,5,5,5,42,48,29,46,0,30,26,31,40,41,42,4,4,3,42,47,49,28,0,31,32,30,42,43,40,4,4,4,42,51,25,50,0,33,34,35,44,45,46,6,6,6,42,24,27,26,0,35,36,33,46,47,44,6,6,6],
    "vertices":[-2355.24,-0.000244141,-1510.63,1904.76,-0.000244141,-1510.63,1904.76,-0.00012207,-650.634,2144.76,-0.00012207,-650.634,-2595.24,0,959.366,-2355.24,0,959.366,-2355.24,2800,-1510.63,1904.76,2800,-1510.63,1904.76,2800,-650.635,2144.76,2800,-650.635,-2595.24,2800,959.365,-2355.24,2800,959.365,-2595.24,0.00012207,1819.37,2144.76,0,1129.37,1904.76,0,1129.37,1904.76,0.00012207,1969.37,-2355.24,0.00012207,1969.37,-2355.24,0.00012207,1819.37,-2595.24,2800,1819.37,2144.76,2800,1129.37,1904.76,2800,1129.37,1904.76,2800,1969.37,-2355.24,2800,1969.37,-2355.24,2800,1819.37,-2355.24,2100,959.365,-2595.24,2100,959.365,-2595.24,2100,1819.37,-2355.24,2100,1819.37,-2355.24,2800,959.365,-2355.24,2800,1819.37,-2355.24,2800,-1510.63,-2355.24,-0.000244141,-1510.63,1904.76,-0.000244141,-1510.63,1904.76,2800,-1510.63,1904.76,-0.00012207,-650.634,1904.76,2800,-650.635,-2355.24,0,959.366,-2355.24,2800,959.365,1904.76,0,1129.37,1904.76,2800,1129.37,1904.76,0.00012207,1969.37,1904.76,2800,1969.37,-2355.24,0.00012207,1969.37,-2355.24,2800,1969.37,-2355.24,0.00012207,1819.37,-2355.24,2800,1819.37,-2355.24,2100,1819.37,-2355.24,2100,1819.37,-2355.24,2800,959.365,-2355.24,2100,959.365,-2355.24,2100,959.365,-2595.24,2100,1819.37]
}