{
    "metadata":{
        "materials":1,
        "vertices":46,
        "version":3,
        "normals":5,
        "uvs":2,
        "type":"Geometry",
        "generator":"io_three",
        "faces":40
    },
    "normals":[1,0,0,0,-1,0,0,1,0,-1,0,0,-0.999969,0,0],
    "uvs":[[0.174209,0.939394,0.174209,0.0606068,0.198312,0.939394,0.198312,0.0606067,0.0506329,0.0606068,0.0506331,0.939394,0.949367,0.272727,0.949367,0.722222,1,0.722222,1,0.272727,0,2.98023e-07,1.78814e-07,1,1,1,1,0],[0.476134,0.82505,0.02192,0.82505,0.02192,0.793725,0.476134,0.793725,0.476134,0.712065,0.02192,0.712065,0.02192,0.704233,0.476134,0.704233,0.575209,0.640591,0.575209,0.186377,0.666574,0.186377,0.666574,0.640591,0.97808,0.753227,0.97808,0.844592,0.523866,0.844592,0.523866,0.753227,0.476134,0.970298,0.243806,0.970298,0.243806,0.839777,0.476134,0.839777,0.745752,0.735558,0.745752,0.704233,0.97808,0.704233,0.97808,0.735558,0.476134,0.778999,0.243806,0.778999,0.243806,0.726791,0.476134,0.726791,0.746466,0.408263,0.746466,0.640591,0.715141,0.640591,0.715141,0.408263,0.02192,0.02192,0.538785,0.02192,0.538785,0.640591,0.02192,0.640591]],
    "materials":[{
        "visible":true,
        "DbgIndex":0,
        "colorSpecular":[0.568576,0.568576,0.568576],
        "mapLightRepeat":[1,1],
        "transparent":false,
        "DbgName":"01 - Default.002",
        "doubleSided":false,
        "wireframe":false,
        "mapLightWrap":["repeat","repeat"],
        "DbgColor":15658734,
        "specularCoef":164,
        "mapLight":"m4VRayTotalLightingMap.jpg",
        "blending":"NormalBlending",
        "colorDiffuse":[0.8,0.8,0.8],
        "depthTest":true,
        "shading":"phong",
        "colorEmissive":[0,0,0],
        "mapLightAnisotropy":1,
        "opacity":1,
        "depthWrite":true
    }],
    "faces":[42,3,2,0,0,0,1,1,0,1,2,0,0,0,42,0,1,3,0,1,0,0,2,3,0,0,0,0,42,28,30,31,0,2,3,3,4,5,6,0,0,0,42,32,33,29,0,3,2,2,6,7,4,0,0,0,42,34,5,35,0,2,3,4,8,9,10,1,1,1,42,4,7,6,0,4,5,2,10,11,8,1,1,1,42,8,9,10,0,4,3,2,12,13,14,2,2,2,42,10,11,8,0,2,5,4,14,15,12,2,2,2,42,36,38,39,0,6,7,7,16,17,18,3,3,3,42,12,13,37,0,7,6,6,18,19,16,3,3,3,42,14,15,16,0,8,7,6,20,21,22,2,2,2,42,16,17,14,0,6,9,8,22,23,20,2,2,2,42,42,22,40,0,6,7,7,24,25,26,3,3,4,42,41,43,23,0,7,6,6,26,27,24,3,3,3,42,44,19,45,0,6,7,8,28,29,30,1,1,1,42,18,21,20,0,8,9,6,30,31,28,1,1,1,42,26,25,24,0,10,11,12,32,33,34,1,1,1,42,24,27,26,0,12,13,10,34,35,32,1,1,1],
    "vertices":[-1769.49,2560,1969.36,-1769.49,2560,-1510.64,-1769.49,2800,1969.36,-1769.49,2800,-1510.64,-2355.24,2500,1969.36,-1655.24,2500,1969.36,-1655.24,2500,-1510.64,-2355.24,2500,-1510.64,-2355.24,2560,1969.36,-1655.24,2560,1969.36,-1655.24,2560,-1510.64,-2355.24,2560,-1510.64,1904.76,0,-650.635,1904.76,0,1129.36,2144.76,1000,-650.635,1904.76,1000,-650.635,1904.76,1000,1129.36,2144.76,1000,1129.36,2144.76,2400,-650.635,1904.76,2400,-650.635,1904.76,2400,1129.36,2144.76,2400,1129.36,1904.76,2800,-650.636,1904.76,2800,1129.36,2144.76,2800,-1750.63,-2595.24,2800,-1750.63,-2595.24,2800,2209.37,2144.76,2800,2209.37,-1655.24,2560,-1510.64,-1655.24,2560,-1510.64,-1655.24,2560,1969.36,-1655.24,2500,1969.36,-1655.24,2500,1969.36,-1655.24,2500,-1510.64,-1655.24,2500,-1510.64,-2355.24,2500,1969.36,1904.76,1000,1129.36,1904.76,1000,1129.36,1904.76,1000,-650.635,1904.76,0,-650.635,1904.76,2400,-650.635,1904.76,2400,-650.635,1904.76,2800,1129.36,1904.76,2400,1129.36,1904.76,2400,1129.36,2144.76,2400,-650.635]
}